﻿<?xml version="1.0" encoding="utf-8"?>
<Controls>
  <Control id="DeviceInfoForm_txtDspFwVer" html="::/BasicInformation/DspVersion.html" />
  <Control id="DeviceInfoForm_txtFirmwareVer" html="::/BasicInformation/FirmwareVersion.html" />
  <Control id="DeviceInfoForm_txtHardwareVer" html="::/BasicInformation/HardwareVersion.html" />
  <Control id="DeviceInfoForm_txtCpsSwVer" html="::/BasicInformation/CpsVersion.html" />
  <Control id="DeviceInfoForm_txtSn" html="::/BasicInformation/SerialNumber.html" />
  <Control id="DeviceInfoForm_txtMinFreq" html="::/BasicInformation/MinimumFrequency.html" />
  <Control id="DeviceInfoForm_txtMaxFreq" html="::/BasicInformation/MaximumFrequency.html" />
  <Control id="DeviceInfoForm_txtMinFreq2" html="::/BasicInformation/MinimumFrequency.html" />
  <Control id="DeviceInfoForm_txtMaxFreq2" html="::/BasicInformation/MaximumFrequency.html" /> 
  <Control id="DeviceInfoForm_txtLastPrgTime" html="::/BasicInformation/LastProgrammedDate.html" />
  <Control id="DeviceInfoForm_txtModel" html="::/BasicInformation/ModelName.html" />
  <Control id="GeneralSetForm_chkDisableAllLeds" html="::/GeneralSetting/DisableAllLed.html" />
  <Control id="GeneralSetForm_nudRespTmr" html="::/GeneralSetting/ResponseTimer.html" />
  <Control id="GeneralSetForm_nudReminderTmr" html="::/GeneralSetting/ReminderTimer.html" />
  <Control id="GeneralSetForm_txtRadioName" html="::/GeneralSetting/RadioName.html" />
  <Control id="GeneralSetForm_nudGrpHang" html="::/GeneralSetting/GroupCallHangTime.html" />
  <Control id="GeneralSetForm_nudPrivateHang" html="::/GeneralSetting/PrivateCallHangTime.html" />
  <Control id="GeneralSetForm_nudArsInitDly" html="::/GeneralSetting/ArsInitializationDelay.html" />
  <Control id="GeneralSetForm_nudRxLowBatt" html="::/GeneralSetting/RxLowBatteryInterval.html" />
  <Control id="GeneralSetForm_nudCallAlertDur" html="::/GeneralSetting/CallAlertToneDuration.html" />
  <Control id="GeneralSetForm_txtRadioId" html="::/GeneralSetting/RadioId.html" />
  <Control id="GeneralSetForm_nudTxPreambleDur" html="::/GeneralSetting/TxPreambleDuration.html" />
  <Control id="GeneralSetForm_chkKillState" html=" " />
  <Control id="GeneralSetForm_chkTestMode" html="::/GeneralSetting/TestMode.html" />
  <Control id="GeneralSetForm_chkDataEnCtrlStation" html="::/GeneralSetting/DataEnabledControlStation.html" />
  <Control id="GeneralSetForm_txtProgramPwd" html="::/GeneralSetting/ProgramPassword.html" />
  <Control id="GeneralSetForm_chkChVoice" html="::/GeneralSetting/ChannelVoice.html" />
  <Control id="GeneralSetForm_chkSelfTestPassTone" html="::/GeneralSetting/SelfTestPassTone.html" />
  <Control id="GeneralSetForm_chkCrescendoTone" html=" " />
  <Control id="GeneralSetForm_chkChFreeTone" html="::/GeneralSetting/ChannelFreeIndicatorTone.html" />
  <Control id="GeneralSetForm_chkBatteryRx" html="::/GeneralSetting/Receive.html" />
  <Control id="GeneralSetForm_cmbMonitorType" html="::/GeneralSetting/MonitorType.html" />
  <Control id="GeneralSetForm_chkDisableAllTone" html="::/GeneralSetting/DisableAllTone.html" />
  <Control id="GeneralSetForm_cmbVoxSense" html="::/GeneralSetting/VoxSensitivity.html" />
  <Control id="GeneralSetForm_chkBatteryPreamble" html="::/GeneralSetting/Preamble.html" />
  <Control id="GeneralSetForm_chkPrivateCall" html="::/GeneralSetting/PrivateCall.html" />
  <Control id="GeneralSetForm_cmbTalkPermitTone" html="::/GeneralSetting/TalkPermitTone.html" />
  <Control id="GeneralSetForm_chkTxInhibit" html="::/GeneralSetting/TxInhibitQuickKeyOverride.html" />
  <Control id="GeneralSetForm_cmbVoiceLang" html="::/GeneralSetting/VoiceLanguage.html" />
  <Control id="GeneralSetForm_cmbArtsTone" html="::/GeneralSetting/ArtsTone.html" />
  <Control id="GeneralSetForm_chkUnifamiliarNumber" html="::/GeneralSetting/UnifamiliarNumberTone.html" />
  <Control id="GeneralSetForm_chkResetTone" html="::/GeneralSetting/ResetTone.html" />  
  <Control id="BootItemForm_chkBootScreen" html="::/BootItem/IntroScreenSwitch.html" />
  <Control id="BootItemForm_cmbBootScreen" html="::/BootItem/IntroScreen.html" />
  <Control id="BootItemForm_txtLine1" html="::/BootItem/FirstLine.html" />
  <Control id="BootItemForm_txtLine2" html="::/BootItem/SecondLine.html" />
  <Control id="BootItemForm_chkBootPwdEnable" html="::/BootItem/PowerOnPasswordEnable.html" />
  <Control id="BootItemForm_txtBootPwd" html="::/BootItem/PowerOnPassword.html" />
  <Control id="MenuForm_cmbMenuHangTime" html="::/Menu/MenuHangTime.html" />
  <Control id="MenuForm_chkInfo" html="::/Menu/Information.html" />
  <Control id="MenuForm_chkScan" html="::/Menu/Scan.html" />
  <Control id="MenuForm_chkScanEditList" html="::/Menu/ScanEditList.html" />
  <Control id="MenuForm_chkCallPrompt" html="::/Menu/CallAlert.html" />
  <Control id="MenuForm_chkContactEdit" html="::/Menu/ContactEdit.html" />
  <Control id="MenuForm_chkManualDial" html="::/Menu/ManualDial.html" />
  <Control id="MenuForm_chkRadioDetect" html="::/Menu/RadioCheck.html" />
  <Control id="MenuForm_chkRemoteMonitor" html="::/Menu/RemoteMonitor.html" />
  <Control id="MenuForm_chkRadioActive" html="::/Menu/RadioEnable.html" />
  <Control id="MenuForm_chkRadioKill" html="::/Menu/RadioDisable.html" />
  <Control id="MenuForm_chkOneKeyDial" html="::/Menu/OneKeyDial.html" />
  <Control id="MenuForm_chkTalkAround" html="::/Menu/Talkaround.html" />
  <Control id="MenuForm_chkToneHint" html="::/Menu/ToneAlert.html" />
  <Control id="MenuForm_cmbKeyTone" html="::/Menu/KeyTone.html" />
  <Control id="MenuForm_chkPower" html="::/Menu/Power.html" />
  <Control id="MenuForm_chkBacklight" html="::/Menu/Backlight.html" />
  <Control id="MenuForm_cmbBacklightTime" html="::/Menu/BacklightTime.html" />
  <Control id="MenuForm_chkBootScreen" html="::/Menu/IntroScreen.html" />
  <Control id="MenuForm_chkKeyboardLock" html="::/Menu/KeypadLock.html" />
  <Control id="MenuForm_cmbKeyLockTime" html="::/Menu/KeypadLockTime.html" />
  <Control id="MenuForm_chkLed" html="::/Menu/LedIndicator.html" />
  <Control id="MenuForm_chkSql" html="::/Menu/Squelch.html" />
  <Control id="MenuForm_chkEncrypt" html="::/Menu/Privacy.html" />
  <Control id="MenuForm_chkVox" html="::/Menu/Vox.html" />
  <Control id="MenuForm_chkPwdLock" html="::/Menu/PasswordAndLock.html" />
  <Control id="MenuForm_cmbWorkMode" html="::/Menu/WorkMode.html" />
  <Control id="MenuForm_chkChDisp" html="::/Menu/ChannelDisplay.html" />
  <Control id="MenuForm_cmbChDispMode" html="::/Menu/ChannelDisplayMode.html" />
  <Control id="MenuForm_chkDoubleWait" html="::/Menu/DoubleStandby.html" />
  <Control id="MenuForm_cmbDwSwitch" html="::/Menu/DoubleStandbySwitch.html" />
  <Control id="MenuForm_chkMissedCall" html="::/Menu/Missed.html" />
  <Control id="MenuForm_chkReceivedCall" html="::/Menu/Answered.html" />
  <Control id="MenuForm_chkDialedCall" html="::/Menu/OutgoingRadio.html" />
  <Control id="ButtonForm_cmbSk1Long" html="::/Buttons/Option.html" />
  <Control id="ButtonForm_cmbTkLong" html="::/Buttons/Option.html" />
  <Control id="ButtonForm_cmbTkShort" html="::/Buttons/Option.html" />
  <Control id="ButtonForm_cmbSk2Long" html="::/Buttons/Option.html" />
  <Control id="ButtonForm_cmbSk2Short" html="::/Buttons/Option.html" />
  <Control id="ButtonForm_cmbSk1Short" html="::/Buttons/Option.html" />
  <Control id="ButtonForm_nudLongDur" html="::/Buttons/LongPressDuration.html" />
  <Control id="ButtonForm_nudEmgShortDur" html="::/Buttons/EmergencyShortPressDuration.html" />
  <Control id="ButtonForm_cmbMode" html="::/Buttons/Mode.html" />
  <Control id="ButtonForm_cmbCallType" html="::/Buttons/CallType.html" />
  <Control id="ButtonForm_cmbCallList" html="::/Buttons/Call.html" />
  <Control id="ButtonForm_cmbMsg" html="::/Buttons/TextMessage.html" />
  <Control id="EncryptForm_cmbKeyLen" html="::/Privacy/KeyLength.html" />
  <Control id="EncryptForm_cmbType" html="::/Privacy/PrivacyType.html" />
  <Control id="EncryptForm_txtKey" html="::/Privacy/Key.html" /> 
  <Control id="DigitalKeyContactForm_cmbContact" html="::/NumberKeyAssign/Contact.html" />
  <Control id="TextMsgForm_txtMessage" html="::/TextMessage/TextMessage.html" /> 
  <Control id="SignalingBasicForm_nudTxSyncWakeTot" html="::/SignalingSystem/TxSyncWakeupTot.html" />
  <Control id="SignalingBasicForm_nudAutoResetTimer" html="::/SignalingSystem/AutoResetTimer.html" />
  <Control id="SignalingBasicForm_nudTxWakeMsgLimit" html="::/SignalingSystem/TxWakeupMessageLimit.html" />
  <Control id="SignalingBasicForm_nudRMDuration" html="::/SignalingSystem/RemoteMonitorDuration.html" />
  <Control id="SignalingBasicForm_nudSelCallHang" html="::/SignalingSystem/SelfCallHangTime.html" />
  <Control id="SignalingBasicForm_cmbSelCallToneId" html="::/SignalingSystem/SelfCallToneId.html" />
  <Control id="SignalingBasicForm_chkSelCall" html=" ::/SignalingSystem/SelfCallEncode.html" />
  <Control id="SignalingBasicForm_chkEmgRM" html="::/SignalingSystem/EmergencyRemoteMonitorDecode.html" />
  <Control id="SignalingBasicForm_chkRemoteMonitor" html="::/SignalingSystem/RemoteMonitorDecode.html" />
  <Control id="SignalingBasicForm_chkRadioDisable" html="::/SignalingSystem/RadioDisableDecode.html" />
  <Control id="SignalingBasicForm_chkCallAlert" html="::/SignalingSystem/CallAlertEncode.html" />
  <Control id="DtmfContactForm_txtName" html="::/DtmfContact/Name.html" />
  <Control id="DtmfContactForm_txtCode" html="::/DtmfContact/Number.html" />
  <Control id="DtmfForm_cmbRate" html="::/Dtmf/DtmfRate.html" />
  <Control id="DtmfForm_cmbKillType" html="::/Dtmf/KillType.html" />
  <Control id="DtmfForm_cmbKillWakeDec" html="::/Dtmf/KillWakeCode.html" />
  <Control id="DtmfForm_cmbGrpCallCode" html="::/Dtmf/GroupCode.html" />
  <Control id="DtmfForm_cmbDelimiter" html="::/Dtmf/Delimiter.html" />
  <Control id="DtmfForm_cmbDecResp" html="::/Dtmf/DecodeResponse.html" />
  <Control id="DtmfForm_nudOtherDur" html="::/Dtmf/Duration.html" />
  <Control id="DtmfForm_nudFstDur" html="::/Dtmf/FirstDigitDuration.html" />
  <Control id="DtmfForm_nudFstDlyTime" html="::/Dtmf/FirstDigitDelay.html" />
  <Control id="DtmfForm_nudDecTime" html="::/Dtmf/DecodeTime.html" />
  <Control id="DtmfForm_nudAutoResetTimer" html="::/Dtmf/AutoResetTime.html" />
  <Control id="DtmfForm_nudRespHoldTime" html="::/Dtmf/ResponseHold.html" />
  <Control id="DtmfForm_txtDownCode" html="::/Dtmf/PttidDownCode.html" />
  <Control id="DtmfForm_txtWakeCode" html="::/Dtmf/WakeCode.html" />
  <Control id="DtmfForm_txtKillCode" html="::/Dtmf/KillCode.html" />
  <Control id="DtmfForm_txtSelfID" html="::/Dtmf/SelfId.html" />
  <Control id="DtmfForm_txtUpCode" html="::/Dtmf/PttidUpCode.html" />
  <Control id="DtmfForm_chkSideTone" html="::/Dtmf/DtmfSideTone.html" />
  <Control id="EmergencyForm_nudPoliteRetries" html="::/EmergencySystem/PoliteRetries.html" />
  <Control id="EmergencyForm_nudImpoliteRetries" html="::/EmergencySystem/ImpoliteRetries.html" />
  <Control id="EmergencyForm_nudRxCycle" html="::/EmergencySystem/RxCycleTime.html" />
  <Control id="EmergencyForm_nudTxCycle" html="::/EmergencySystem/TxCycleTime.html" />
  <Control id="EmergencyForm_nudCycles" html="::/EmergencySystem/Cycles.html" />
  <Control id="EmergencyForm_cmbRevertCh" html="::/EmergencySystem/RevertChannel.html" />
  <Control id="EmergencyForm_cmbAlarmMode" html="::/EmergencySystem/Mode.html" />
  <Control id="EmergencyForm_cmbAlarmType" html="::/EmergencySystem/AlarmType.html" />
  <Control id="EmergencyForm_txtName" html="::/EmergencySystem/Name.html" />
  <Control id="ContactForm_txtCallId" html="::/DigitalContact/CallId.html" />
  <Control id="ContactForm_cmbCallType" html=" " />
  <Control id="ContactForm_txtName" html="::/DigitalContact/Name.html" />
  <Control id="ContactForm_chkCallRxTone" html="::/DigitalContact/CallReceiveTone.html" />
  <Control id="ContactForm_cmbRingStyle" html="::/DigitalContact/RingStyle.html" />
  <Control id="RxGroupListForm_txtName" html="::/RxGroupList/Name.html" />
  <Control id="RxGroupListForm_lstSelected" html="::/RxGroupList/Member.html" />
  <Control id="RxGroupListForm_lstUnselected" html="::/RxGroupList/Available.html" />
  <Control id="ZoneBasicForm_cmbCurZone" html="::/Zone/CurrentZone.html" />
  <Control id="ZoneBasicForm_cmbMainCh" html="::/Zone/MainChannel.html" />
  <Control id="ZoneBasicForm_cmbSubCh" html="::/Zone/MinorChannel.html" />
  <Control id="ZoneForm_txtName" html="::/Zone/Name.html" />
  <Control id="ZoneForm_lstSelected" html="::/Zone/Member.html" />
  <Control id="ZoneForm_lstUnselected" html="::/Zone/Available.html" />
  <Control id="ChannelForm_nudRxColor" html="::/Channel/RxColorCode.html" />
  <Control id="ChannelForm_cmbTimingPreference" html="::/Channel/TimingLeaderPrefernce.html" />
  <Control id="ChannelForm_cmbRepeaterSlot" html="v" />
  <Control id="ChannelForm_cmbArs" html="::/Channel/Ars.html" />
  <Control id="ChannelForm_cmbKeySwitch" html="::/Channel/Privacy.html" />
  <Control id="ChannelForm_cmbKey" html="::/Channel/PrivacyGroup.html" />
  <Control id="ChannelForm_nudTxColor" html="::/Channel/TxColorCode.html" />
  <Control id="ChannelForm_cmbRxGroup" html="::/Channel/RxGroupList.html" />
  <Control id="ChannelForm_cmbEmgSystem" html="::/Channel/EmergencySystem.html" />
  <Control id="ChannelForm_cmbContact" html="::/Channel/ContactName.html" />
  <Control id="ChannelForm_chkDualCapacity" html="::/Channel/DualCapacityDirectMode.html" />
  <Control id="ChannelForm_chkUdpDataHead" html="::/Channel/CompressedUdpDataHeader.html" />
  <Control id="ChannelForm_chkAllowTxInterupt" html="::/Channel/AllowInterruption.html" />
  <Control id="ChannelForm_chkTxInteruptFreq" html="::/Channel/TxInterruptibleFrequency.html" />
  <Control id="ChannelForm_chkPrivateCall" html="::/Channel/PrivateCallConfirmed.html" />
  <Control id="ChannelForm_chkDataCall" html="::/Channel/DataCallConfirmed.html" />
  <Control id="ChannelForm_chkEmgConfirmed" html="::/Channel/EmergencyAlarmAck.html" />
  <Control id="ChannelForm_chkEnhancedChAccess" html="::/Channel/EnhancedChannelAccess.html" />
  <Control id="ChannelForm_nudArtsInterval" html="::/Channel/ArtsInterval.html" />
  <Control id="ChannelForm_cmbChBandwidth" html="::/Channel/ChannelBandwidth.html" />
  <Control id="ChannelForm_cmbSquelch" html="::/Channel/Squelch.html" />
  <Control id="ChannelForm_cmbVoiceEmphasis" html="::/Channel/VoiceEmphasis.html" />
  <Control id="ChannelForm_cmbSte" html="::/Channel/Ste.html" />
  <Control id="ChannelForm_cmbNonSte" html="::/Channel/NonSte.html" />
  <Control id="ChannelForm_cmbRxTone" html="::/Channel/RxCtcssDcs.html" />
  <Control id="ChannelForm_cmbRxSignaling" html="::/Channel/RxSignalingSystem.html" />
  <Control id="ChannelForm_cmbUnmuteRule" html="::/Channel/UnmuteRule.html" />
  <Control id="ChannelForm_cmbPttidType" html="::/Channel/PttidType.html" />
  <Control id="ChannelForm_cmbTxSignaling" html="::/Channel/TxSignalingSystem.html" />
  <Control id="ChannelForm_cmbTxTone" html="::/Channel/TxCtcssDcs.html" />
  <Control id="ChannelForm_chkDataPl" html="::/Channel/DataPl.html" />
  <Control id="ChannelForm_cmbArts" html="::/Channel/Arts.html" />
  <Control id="ChannelForm_txtTxFreq" html="::/Channel/TxFrequency.html" />
  <Control id="ChannelForm_txtRxFreq" html="::/Channel/RxFrequency.html" />
  <Control id="ChannelForm_txtName" html="::/Channel/Name.html" />
  <Control id="ChannelForm_cmbScanList" html="::/Channel/ScanList.html" />
  <Control id="ChannelForm_cmbAdmitCriteria" html="::/Channel/AdmitCriteria.html" />
  <Control id="ChannelForm_cmbPower" html="::/Channel/PowerLevel.html" />
  <Control id="ChannelForm_cmbTxRefFreq" html="::/Channel/TxReferenceFrequency.html" />
  <Control id="ChannelForm_nudRssiThreshold" html="::/Channel/RssiThreshold.html" />
  <Control id="ChannelForm_nudTotRekey" html="::/Channel/TotRekeyDelay.html" />
  <Control id="ChannelForm_nudTot" html="::/Channel/Tot.html" />
  <Control id="ChannelForm_cmbRxRefFreq" html="::/Channel/RxReferenceFrequency.html" />
  <Control id="ChannelForm_cmbChMode" html="::/Channel/Mode.html" />
  <Control id="ChannelForm_chkRxOnly" html="::/Channel/RxOnly.html" />
  <Control id="ChannelForm_chkAllowTalkaround" html="::/Channel/AllowTalkaround.html" />
  <Control id="ChannelForm_chkLoneWoker" html="::/Channel/LoneWorker.html" />
  <Control id="ChannelForm_chkAutoScan" html="::/Channel/AutoScan.html" />
  <Control id="ChannelForm_chkVox" html="::/Channel/Vox.html" />
  <Control id="NormalScanForm_cmbPriorityCh2" html="::/Scan/PriorityChannel2.html" />
  <Control id="NormalScanForm_cmbPriorityCh1" html="::/Scan/PriorityChannel1.html" />
  <Control id="NormalScanForm_txtName" html="::/Scan/Name.html" />
  <Control id="NormalScanForm_nudPrioritySample" html="::/Scan/PrioritySampleTime.html" />
  <Control id="NormalScanForm_nudSignalingHold" html="::/Scan/SignalingHoldTime.html" />
  <Control id="NormalScanForm_lstSelected" html="::/Scan/Member.html" />
  <Control id="NormalScanForm_lstUnselected" html="::/Scan/Available.html" />
  <Control id="NormalScanForm_cmbPlType" html="::/Scan/PlType.html" />
  <Control id="NormalScanForm_cmbTxDesignatedCh" html="::/Scan/TxDesignatedChannel.html" />
  <Control id="NormalScanForm_chkChMark" html="::/Scan/ChannelMarker.html" />
  <Control id="NormalScanForm_chkTalkback" html="::/Scan/Talkback.html" />
  <Control id="ScanBasicForm_nudStartVoteRssi" html=" " />
  <Control id="ScanBasicForm_nudFastVoteRssi" html=" " />
  <Control id="ScanBasicForm_nudVoteHang" html=" " />
  <Control id="ScanBasicForm_nudAnalogHang" html="::/ScanBasic/AnalogHangTime.html" />
  <Control id="ScanBasicForm_nudDigitHang" html="::/ScanBasic/DigitalHangTime.html" />
  <Control id="ScanBasicForm_chkPriorityAlert" html="::/ScanBasic/PriorityAlert.html" />
</Controls>